site,base,base_region
-18,g,0
-17,g,0
-16,c,0
-15,a,0
-14,c,0
-13,c,0
-12,t,0
-11,c,0
-10,a,0
-9,t,0
-8,a,0
-7,a,0
-6,c,0
-5,a,0
-4,t,0
-3,a,0
-2,a,0
-1,c,0
1,T,1
2,A,1
3,A,1
17,G,1
18,G,1
19,C,1
20,A,1
21,G,1
22,A,1
23,T,1
24,C,1
25,T,1
26,G,1
27,A,1
28,G,1
29,C,1
30,C,1
31,T,1
32,G,1
33,G,1
34,G,1
35,A,1
36,G,1
37,C,1
38,T,1
39,C,1
40,T,1
41,C,1
42,T,1
43,G,1
44,C,1
45,C,1
61,A,1
62,A,1
63,T,1
64,C,1
65,C,1
66,a,2
67,c,2
68,t,2
69,a,2
70,a,2
71,c,2
72,c,2
73,t,2
74,c,2
75,a,2
76,c,2
77,t,2
78,c,2
79,a,2
80,c,2
81,a,2
82,a,2
83,t,2
84,c,2